PONTO,DATA,Clorofila a,Transparência da Água,Sólidos Dissolvidos,Sólidos Dissolvidos Totais,Sólidos Sedimentáveis,Sólidos Suspensos Totais,Sólidos Totais,Turbidez,Latitude,Longitude,B2,B3,B4,B5,B8,B11,NDCI,NDVI,FAI,MNDWI,B3_B2_ratio,B4_B3_ratio,B5_B4_ratio,Image_Date,Cloud_Percentage,Month,Season
CLA-03,2018-03-20,2.4,,12.0,,,,,23.5,-18.528218997966466,-51.15191904306638,560.0,857.0,742.0,564.0,54.0,64.0,-0.1362940275650842,-0.864321608040201,-567.4666666666667,0.8610206297502715,1.5303571428571427,0.8658109684947491,0.7601078167115903,2018-03-09,31.458172,3,2
CLA-04,2018-03-21,0.0,,52.0,,,,,21.4,-18.554869066877227,-51.12675459317855,378.0,497.0,468.0,438.0,265.0,171.0,-0.033112582781456956,-0.27694406548431105,-150.2,0.4880239520958084,1.3148148148148149,0.9416498993963782,0.9358974358974359,2018-03-09,31.458172,3,2
CLA-05,2018-03-21,1.1,,11.0,,,,,23.8,-18.55495622601502,-51.12622947820932,556.0,858.0,1006.0,808.0,240.0,91.0,-0.10915104740904079,-0.6147672552166934,-603.3333333333334,0.8082191780821918,1.5431654676258992,1.1724941724941724,0.8031809145129225,2018-03-09,31.458172,3,2
CLA-06,2018-03-21,0.0,,9.0,,,,,21.3,-18.56984252661672,-51.10807692400981,684.0,1038.0,1246.0,1099.0,312.0,172.0,-0.0626865671641791,-0.5994865211810013,-743.0666666666666,0.715702479338843,1.5175438596491229,1.2003853564547207,0.8820224719101124,2018-03-09,31.458172,3,2
CLA-06B,2018-03-21,0.0,,11.0,,,,,26.8,-18.580416304138197,-51.10538491999489,5812.0,5888.0,5832.0,6778.0,6568.0,5964.0,0.07501982553528945,0.05935483870967742,712.5333333333338,-0.00641241984475194,1.0130763936682725,0.9904891304347826,1.1622085048010975,2018-03-09,31.458172,3,2
CLA-07,2018-03-21,1.5,,8.0,,,,,27.1,-18.64469238815568,-51.05218482324302,586.0,850.0,726.0,579.0,148.0,88.0,-0.11264367816091954,-0.6613272311212814,-464.5777777777778,0.8123667377398721,1.4505119453924915,0.8541176470588235,0.7975206611570248,2018-03-09,31.458172,3,2
CLA-08,2018-03-21,0.0,,11.0,,,,,19.8,-18.706763370925028,-51.008782838537705,3792.0,3928.0,3904.0,4517.0,4816.0,4765.0,0.07279420496378103,0.10458715596330276,758.9333333333334,-0.09628436673185321,1.0358649789029535,0.9938900203665988,1.1570184426229508,2018-03-09,31.458172,3,2
CLA-08CS,2018-03-21,0.0,,9.0,,,,,20.3,-18.658334892800493,-51.06757829218299,356.0,368.0,283.0,224.0,5.0,54.0,-0.11637080867850098,-0.9652777777777778,-237.2888888888889,0.7440758293838863,1.0337078651685394,0.7690217391304348,0.7915194346289752,2018-03-09,31.458172,3,2
CLA-09,2018-03-20,0.0,,12.0,,,,,20.18,-18.732783800131944,-51.003284514940056,2774.0,2366.0,1842.0,2036.0,3836.0,2330.0,0.05002578648788035,0.3511799929552659,1907.2444444444445,0.007666098807495741,0.8529199711607787,0.7785291631445478,1.1053203040173725,2018-03-09,31.458172,3,2
CLA-01,2018-06-25,1.3,,9.0,,,,,14.1,-18.40471469720768,-51.22287716980235,826.0,1160.0,1046.0,1376.0,605.0,337.0,0.13625103220478943,-0.26711084191399154,-314.9555555555555,0.5497661990647963,1.4043583535108959,0.9017241379310345,1.315487571701721,2018-06-10,25.503033,6,3
CLA-02,2018-06-25,1.4,,8.0,,,,,15.0,-18.478620867606217,-51.188607926708855,331.0,446.0,218.0,192.0,123.0,85.0,-0.06341463414634146,-0.2785923753665689,-71.35555555555555,0.67984934086629,1.3474320241691844,0.48878923766816146,0.8807339449541285,2018-06-10,25.503033,6,3
CLA-03,2018-06-25,1.8,,10.0,,,,,21.0,-18.528218997966466,-51.15191904306638,348.0,494.0,222.0,220.0,175.0,160.0,-0.004524886877828055,-0.11838790931989925,-35.97777777777779,0.5107033639143731,1.4195402298850575,0.4493927125506073,0.990990990990991,2018-06-10,25.503033,6,3
CLA-04,2018-06-25,2.6,,8.0,,,,,10.0,-18.554869066877227,-51.12675459317855,458.0,552.0,590.0,669.0,564.0,520.0,0.06274821286735505,-0.022530329289428077,-13.555555555555543,0.029850746268656716,1.205240174672489,1.068840579710145,1.1338983050847458,2018-06-10,25.503033,6,3
CLA-05,2018-06-25,6.5,,16.0,,,,,28.2,-18.55495622601502,-51.12622947820932,481.0,667.0,578.0,515.0,324.0,346.0,-0.05763952424519671,-0.28159645232815966,-212.7555555555556,0.3168805528134255,1.3866943866943866,0.8665667166416792,0.8910034602076125,2018-06-10,25.503033,6,3
CLA-06,2018-06-25,2.4,,8.0,,,,,20.0,-18.56984252661672,-51.10807692400981,428.0,624.0,367.0,345.0,285.0,220.0,-0.03089887640449438,-0.12576687116564417,-55.866666666666674,0.4786729857819905,1.4579439252336448,0.5881410256410257,0.9400544959128065,2018-06-10,25.503033,6,3
CLA-06B,2018-06-25,2.3,,10.0,,,,,16.0,-18.580416304138197,-51.10538491999489,422.0,647.0,378.0,332.0,220.0,190.0,-0.0647887323943662,-0.26421404682274247,-124.57777777777778,0.5459976105137395,1.533175355450237,0.5842349304482226,0.8783068783068783,2018-06-10,25.503033,6,3
CLA-07,2018-06-25,2.5,,6.0,,,,,21.0,-18.64469238815568,-51.05218482324302,507.0,652.0,368.0,325.0,220.0,254.0,-0.06204906204906205,-0.25170068027210885,-127.73333333333335,0.4392935982339956,1.2859960552268244,0.5644171779141104,0.8831521739130435,2018-06-10,25.503033,6,3
CLA-08,2018-06-25,2.6,,8.0,,,,,16.0,-18.706763370925028,-51.008782838537705,691.0,756.0,504.0,466.0,642.0,420.0,-0.03917525773195876,0.12041884816753927,152.93333333333334,0.2857142857142857,1.0940665701881331,0.6666666666666666,0.9246031746031746,2018-06-10,25.503033,6,3
CLA-08CS,2018-06-25,2.9,,9.0,,,,,18.0,-18.658334892800493,-51.06757829218299,425.0,573.0,344.0,279.0,153.0,173.0,-0.1043338683788122,-0.3843058350100604,-160.60000000000002,0.5361930294906166,1.348235294117647,0.6003490401396161,0.811046511627907,2018-06-10,25.503033,6,3
CLA-09,2018-06-25,2.8,,10.0,,,,,19.0,-18.732783800131944,-51.003284514940056,726.0,761.0,670.0,767.0,770.0,737.0,0.0675017397355602,0.06944444444444445,88.08888888888885,0.01602136181575434,1.0482093663911847,0.8804204993429697,1.144776119402985,2018-06-10,25.503033,6,3
CLA-01,2019-01-22,0.7,0.8,,13.0,,,,22.4,-18.40471469720768,-51.22287716980235,1272.0,1760.0,2314.0,2763.0,1554.0,511.0,0.08843805396887926,-0.19648397104446744,-439.4666666666667,0.5499779832672831,1.3836477987421383,1.3147727272727272,1.1940363007778738,2019-01-31,0.474108,1,1
CLA-02,2019-01-22,1.3,0.7,,12.0,,,,18.2,-18.478620867606217,-51.188607926708855,462.0,827.0,662.0,566.0,197.0,70.0,-0.0781758957654723,-0.5413271245634459,-359.7555555555556,0.8439241917502787,1.79004329004329,0.8004836759371221,0.8549848942598187,2019-01-31,0.474108,1,1
CLA-03,2019-01-22,2.1,0.8,,9.0,,,,26.0,-18.528218997966466,-51.15191904306638,466.0,718.0,528.0,397.0,121.0,53.0,-0.14162162162162162,-0.6271186440677966,-322.55555555555554,0.8625162127107653,1.5407725321888412,0.7353760445682451,0.7518939393939394,2019-02-02,0.004515,1,1
CLA-04,2019-01-22,1.1,0.6,,11.0,,,,25.2,-18.554869066877227,-51.12675459317855,470.0,745.0,822.0,805.0,403.0,248.0,-0.010448678549477565,-0.3420408163265306,-316.9555555555555,0.500503524672709,1.5851063829787233,1.1033557046979865,0.9793187347931873,2019-02-02,0.004515,1,1
CLA-05,2019-01-22,4.8,0.6,,11.0,,,,25.2,-18.55495622601502,-51.12622947820932,541.0,897.0,1094.0,968.0,346.0,132.0,-0.061105722599418044,-0.5194444444444445,-576.9777777777778,0.7434402332361516,1.6580406654343807,1.2196209587513935,0.8848263254113345,2019-02-02,0.004515,1,1
CLA-06,2019-01-22,3.6,0.8,,6.0,,,,24.8,-18.56984252661672,-51.10807692400981,572.0,841.0,740.0,605.0,226.0,135.0,-0.10037174721189591,-0.5320910973084886,-406.44444444444446,0.7233606557377049,1.4702797202797202,0.8799048751486326,0.8175675675675675,2019-02-02,0.004515,1,1
CLA-06B,2019-01-22,2.1,0.9,,9.0,,,,16.0,-18.580416304138197,-51.10538491999489,549.0,809.0,658.0,531.0,142.0,74.0,-0.10681244743481917,-0.645,-412.1777777777778,0.8323895809739524,1.4735883424408014,0.8133498145859085,0.8069908814589666,2019-02-02,0.004515,1,1
CLA-07,2019-01-22,3.3,0.8,,8.0,,,,20.0,-18.64469238815568,-51.05218482324302,514.0,777.0,578.0,459.0,167.0,83.0,-0.11475409836065574,-0.5516778523489932,-323.0,0.8069767441860465,1.5116731517509727,0.7438867438867439,0.7941176470588235,2019-02-02,0.004515,1,1
CLA-08,2019-01-22,2.1,0.9,,5.0,,,,18.0,-18.706763370925028,-51.008782838537705,506.0,780.0,541.0,469.0,265.0,134.0,-0.07128712871287128,-0.3424317617866005,-203.64444444444445,0.7067833698030634,1.541501976284585,0.6935897435897436,0.866913123844732,2019-02-02,0.004515,1,1
CLA-08CS,2019-01-22,2.6,0.8,,9.0,,,,15.0,-18.658334892800493,-51.06757829218299,491.0,746.0,560.0,438.0,115.0,74.0,-0.12224448897795591,-0.6592592592592592,-358.6,0.8195121951219512,1.5193482688391038,0.7506702412868632,0.7821428571428571,2019-02-02,0.004515,1,1
CLA-09,2019-01-22,1.2,0.4,,10.0,,,,12.0,-18.732783800131944,-51.003284514940056,543.0,827.0,761.0,646.0,243.0,149.0,-0.08173418621179815,-0.5159362549800797,-409.20000000000005,0.694672131147541,1.5230202578268877,0.9201934703748489,0.8488830486202366,2019-02-02,0.004515,1,1
CLA-ETE,2019-01-22,,,,10.54,,,,18.0,-18.56789782716224,-51.11068187135282,478.0,719.0,602.0,637.0,862.0,324.0,0.02824858757062147,0.17759562841530055,309.4222222222222,0.37871524448705657,1.50418410041841,0.8372739916550765,1.058139534883721,2019-02-02,0.004515,1,1
CLA-01,2019-04-03,0.4,0.4,,17.0,,,,36.2,-18.40471469720768,-51.22287716980235,1398.0,1856.0,2248.0,2548.0,1238.0,428.0,0.06255212677231026,-0.2897303499713138,-686.4444444444443,0.6252189141856392,1.3276108726752505,1.2112068965517242,1.1334519572953736,2019-04-26,0.005403,4,2
CLA-02,2019-04-03,0.2,0.8,,16.0,,,,26.5,-18.478620867606217,-51.188607926708855,441.0,778.0,814.0,697.0,203.0,35.0,-0.07743216412971542,-0.6007866273352999,-472.5111111111112,0.9138991389913899,1.7641723356009071,1.0462724935732648,0.8562653562653563,2019-04-26,0.005403,4,2
CLA-03,2019-04-03,0.1,0.6,,15.0,,,,28.0,-18.528218997966466,-51.15191904306638,421.0,769.0,699.0,584.0,130.0,44.0,-0.08963367108339829,-0.6863691194209891,-452.55555555555554,0.8917589175891759,1.826603325415677,0.9089726918075423,0.8354792560801144,2019-04-26,0.005403,4,2
CLA-04,2019-04-03,0.3,0.7,,14.0,,,,25.0,-18.554869066877227,-51.12675459317855,462.0,829.0,1008.0,886.0,275.0,95.0,-0.06441393875395987,-0.5713172252533125,-570.6888888888889,0.7943722943722944,1.7943722943722944,1.2159227985524728,0.878968253968254,2019-04-26,0.005403,4,2
CLA-05,2019-04-03,0.1,0.1,,21.0,,,,35.0,-18.55495622601502,-51.12622947820932,472.0,837.0,1040.0,906.0,256.0,87.0,-0.06885919835560124,-0.6049382716049383,-614.5777777777778,0.8116883116883117,1.7733050847457628,1.2425328554360813,0.8711538461538462,2019-04-26,0.005403,4,2
CLA-06,2019-04-03,0.3,0.5,,14.0,,,,16.0,-18.56984252661672,-51.10807692400981,511.0,913.0,1092.0,974.0,293.0,102.0,-0.057115198451113264,-0.5768953068592058,-623.0,0.7990147783251231,1.786692759295499,1.1960569550930997,0.891941391941392,2019-04-26,0.005403,4,2
CLA-06B,2019-04-03,0.2,0.6,,14.0,,,,18.0,-18.580416304138197,-51.10538491999489,521.0,877.0,831.0,697.0,174.0,84.0,-0.08769633507853403,-0.6537313432835821,-524.2,0.8251821019771072,1.6833013435700577,0.9475484606613455,0.838748495788207,2019-04-26,0.005403,4,2
CLA-07,2019-04-03,0.1,1.0,,14.0,,,,20.0,-18.64469238815568,-51.05218482324302,417.0,673.0,445.0,331.0,124.0,70.0,-0.14690721649484537,-0.5641476274165202,-254.33333333333331,0.8115746971736204,1.6139088729016786,0.6612184249628529,0.7438202247191011,2019-04-26,0.005403,4,2
CLA-08,2019-04-03,0.2,1.6,,11.0,,,,20.0,-18.706763370925028,-51.008782838537705,434.0,662.0,393.0,324.0,139.0,75.0,-0.09623430962343096,-0.4774436090225564,-197.4666666666667,0.7964721845318861,1.5253456221198156,0.5936555891238671,0.8244274809160306,2019-04-26,0.005403,4,2
CLA-08CS,2019-04-03,0.3,0.8,,13.0,,,,22.0,-18.658334892800493,-51.06757829218299,413.0,656.0,488.0,403.0,134.0,112.0,-0.09539842873176206,-0.5691318327974276,-287.15555555555557,0.7083333333333334,1.5883777239709442,0.7439024390243902,0.8258196721311475,2019-04-26,0.005403,4,2
CLA-09,2019-04-03,0.0,0.3,,9.0,,,,12.0,-18.732783800131944,-51.003284514940056,560.0,975.0,1192.0,1041.0,339.0,126.0,-0.06762203313927452,-0.5571521881123449,-663.4888888888888,0.771117166212534,1.7410714285714286,1.2225641025641025,0.8733221476510067,2019-04-26,0.005403,4,2
CLA-ETE,2019-04-03,,,,10.5,1.0,6.0,16.5,38.0,-18.56789782716224,-51.11068187135282,401.0,743.0,793.0,913.0,868.0,249.0,0.07033997655334115,0.04515352197471403,171.7111111111111,0.49798387096774194,1.85286783042394,1.0672947510094213,1.1513240857503153,2019-04-26,0.005403,4,2
CLA-01,2019-07-10,0.2,1.1,,10.0,,,,3.82,-18.40471469720768,-51.22287716980235,1116.0,1644.0,1490.0,1626.0,675.0,335.0,0.043645699614890884,-0.37644341801385683,-609.6666666666667,0.6614451743304699,1.4731182795698925,0.9063260340632603,1.0912751677852348,2019-06-30,0.005534,7,3
CLA-02,2019-07-10,0.3,1.6,,9.0,,,,4.63,-18.478620867606217,-51.188607926708855,237.0,502.0,273.0,193.0,70.0,61.0,-0.17167381974248927,-0.5918367346938775,-165.3111111111111,0.783303730017762,2.1181434599156117,0.5438247011952191,0.706959706959707,2019-06-30,0.005534,7,3
CLA-03,2019-07-10,0.6,0.6,,7.0,,,,3.88,-18.528218997966466,-51.15191904306638,222.0,417.0,201.0,132.0,42.0,55.0,-0.2072072072072072,-0.654320987654321,-133.04444444444445,0.7669491525423728,1.8783783783783783,0.48201438848920863,0.6567164179104478,2019-06-30,0.005534,7,3
CLA-04,2019-07-16,0.8,1.1,,9.0,,,,4.16,-18.554869066877227,-51.12675459317855,255.0,461.0,318.0,216.0,129.0,160.0,-0.19101123595505617,-0.4228187919463087,-160.9111111111111,0.48470209339774556,1.807843137254902,0.6898047722342733,0.6792452830188679,2019-06-30,0.005534,7,3
CLA-05,2019-07-16,3.6,0.0,,6.1,,,,2.75,-18.55495622601502,-51.12622947820932,250.0,487.0,298.0,207.0,111.0,125.0,-0.1801980198019802,-0.4572127139364303,-156.24444444444447,0.5915032679738562,1.948,0.6119096509240246,0.6946308724832215,2019-06-30,0.005534,7,3
CLA-06,2019-07-16,0.3,1.4,,8.0,,,,3.99,-18.56984252661672,-51.10807692400981,258.0,487.0,246.0,181.0,90.0,126.0,-0.1522248243559719,-0.4642857142857143,-134.66666666666666,0.5889070146818923,1.8875968992248062,0.5051334702258727,0.7357723577235772,2019-06-30,0.005534,7,3
CLA-06B,2019-07-16,1.82,0.6,,14.0,,,,18.0,-18.580416304138197,-51.10538491999489,245.0,458.0,232.0,160.0,60.0,80.0,-0.1836734693877551,-0.589041095890411,-144.9777777777778,0.7026022304832714,1.8693877551020408,0.5065502183406113,0.6896551724137931,2019-06-30,0.005534,7,3
CLA-07,2019-07-16,0.8,1.82,,10.0,,,,3.68,-18.64469238815568,-51.05218482324302,308.0,529.0,268.0,183.0,68.0,74.0,-0.188470066518847,-0.5952380952380952,-165.51111111111112,0.7545605306799337,1.7175324675324675,0.5066162570888468,0.6828358208955224,2019-06-30,0.005534,7,3
CLA-08,2019-07-16,0.8,1.6,,11.0,,,,20.0,-18.706763370925028,-51.008782838537705,331.0,583.0,298.0,242.0,100.0,94.0,-0.1037037037037037,-0.49748743718592964,-161.73333333333335,0.7223042836041359,1.7613293051359518,0.5111492281303602,0.8120805369127517,2019-06-30,0.005534,7,3
CLA-08CS,2019-07-16,0.9,1.85,,9.0,,,,3.92,-18.658334892800493,-51.06757829218299,283.0,477.0,276.0,193.0,58.0,80.0,-0.17697228144989338,-0.6526946107784432,-183.15555555555557,0.7127468581687613,1.685512367491166,0.5786163522012578,0.6992753623188406,2019-06-30,0.005534,7,3
CLA-09,2019-07-16,0.0,0.0,,10.0,,,,3.25,-18.732783800131944,-51.003284514940056,301.0,462.0,303.0,285.0,101.0,114.0,-0.030612244897959183,-0.5,-168.39999999999998,0.6041666666666666,1.5348837209302326,0.6558441558441559,0.9405940594059405,2019-06-30,0.005534,7,3
CLA-ETE,2019-07-16,,,,44.0,9.0,16.0,26.0,19.9,-18.56789782716224,-51.11068187135282,220.0,412.0,249.0,243.0,618.0,298.0,-0.012195121951219513,0.42560553633217996,360.2888888888889,0.16056338028169015,1.8727272727272728,0.6043689320388349,0.9759036144578314,2019-06-30,0.005534,7,3
CLA-01,2019-10-05,0.1,2.0,,8.0,,,8.0,4.8,-18.40471469720768,-51.22287716980235,720.0,890.0,816.0,1156.0,575.0,539.0,0.1724137931034483,-0.1732566498921639,-191.7555555555556,0.2456263121063681,1.2361111111111112,0.9168539325842696,1.4166666666666667,2019-09-28,0.00358,10,4
CLA-02,2019-10-05,0.01,2.1,,9.0,,,,5.15,-18.478620867606217,-51.188607926708855,349.0,426.0,303.0,297.0,198.0,184.0,-0.01,-0.20958083832335328,-83.84444444444443,0.39672131147540984,1.2206303724928367,0.7112676056338029,0.9801980198019802,2019-09-28,0.00358,10,4
CLA-03,2019-10-05,0.0,1.3,,10.0,,,,4.8,-18.528218997966466,-51.15191904306638,338.0,412.0,255.0,226.0,153.0,103.0,-0.060291060291060294,-0.25,-74.97777777777779,0.6,1.2189349112426036,0.6189320388349514,0.8862745098039215,2019-09-28,0.00358,10,4
CLA-04,2019-10-05,0.31,1.4,,10.0,,,,4.4,-18.554869066877227,-51.12675459317855,327.0,462.0,469.0,497.0,250.0,262.0,0.028985507246376812,-0.3045897079276773,-182.2,0.27624309392265195,1.4128440366972477,1.0151515151515151,1.0597014925373134,2019-09-28,0.00358,10,4
CLA-05,2019-10-05,3.06,0.1,,252.0,,,,4.66,-18.55495622601502,-51.12622947820932,410.0,577.0,463.0,418.0,271.0,260.0,-0.0510783200908059,-0.2615803814713896,-155.9111111111111,0.37873357228195936,1.4073170731707316,0.8024263431542461,0.9028077753779697,2019-09-28,0.00358,10,4
CLA-06,2019-10-05,0.23,1.86,,17.0,,,,6.75,-18.56984252661672,-51.10807692400981,458.0,614.0,476.0,461.0,339.0,401.0,-0.016008537886873,-0.16809815950920245,-123.66666666666669,0.20985221674876847,1.3406113537117903,0.7752442996742671,0.9684873949579832,2019-09-28,0.00358,10,4
CLA-06B,2019-10-05,0.0,1.78,,12.0,,,,3.81,-18.580416304138197,-51.10538491999489,467.0,598.0,436.0,416.0,310.0,313.0,-0.023474178403755867,-0.16890080428954424,-104.13333333333333,0.31284302963776073,1.2805139186295502,0.7290969899665551,0.9541284403669725,2019-09-28,0.00358,10,4
CLA-07,2019-10-05,0.0,2.2,,11.0,,,,2.85,-18.64469238815568,-51.05218482324302,526.0,627.0,473.0,454.0,401.0,333.0,-0.020496224379719527,-0.08237986270022883,-47.111111111111086,0.30625,1.1920152091254752,0.7543859649122807,0.959830866807611,2019-09-28,0.00358,10,4
CLA-08,2019-10-05,0.0,1.6,,9.0,,,,2.36,-18.706763370925028,-51.008782838537705,552.0,694.0,583.0,548.0,543.0,437.0,-0.03094606542882405,-0.035523978685612786,-14.04444444444448,0.22723253757736517,1.2572463768115942,0.840057636887608,0.9399656946826758,2019-09-28,0.00358,10,4
CLA-08CS,2019-10-05,0.0,1.4,,10.0,,,,2.4,-18.658334892800493,-51.06757829218299,345.0,460.0,273.0,249.0,173.0,158.0,-0.04597701149425287,-0.2242152466367713,-79.55555555555554,0.4886731391585761,1.3333333333333333,0.5934782608695652,0.9120879120879121,2019-09-28,0.00358,10,4
CLA-09,2019-10-05,6.38,0.2,,8.0,,,,1.1,-18.732783800131944,-51.003284514940056,475.0,573.0,456.0,463.0,363.0,336.0,0.007616974972796518,-0.11355311355311355,-71.66666666666669,0.2607260726072607,1.2063157894736842,0.7958115183246073,1.0153508771929824,2019-09-28,0.00358,10,4
CLA-ETE,2019-10-05,,,,21.0,0.1,0.21,21.35,,-18.56789782716224,-51.11068187135282,433.0,586.0,473.0,451.0,381.0,419.0,-0.023809523809523808,-0.10772833723653395,-82.39999999999998,0.16616915422885573,1.3533487297921478,0.8071672354948806,0.9534883720930233,2019-09-28,0.00358,10,4
CLA-01,2020-01-02,0.1,0.5,,8.0,,,,16.68,-18.40471469720768,-51.22287716980235,1009.0,1330.0,1474.0,1988.0,940.0,635.0,0.14846909300982092,-0.2212096106048053,-384.84444444444443,0.35368956743002544,1.3181367690782952,1.1082706766917294,1.3487109905020354,2020-01-16,2.075938,1,1
CLA-02,2020-01-02,0.1,0.6,,7.0,,,,15.04,-18.478620867606217,-51.188607926708855,1108.0,1422.0,1334.0,1307.0,901.0,819.0,-0.010223400227186671,-0.19373601789709172,-341.44444444444434,0.26907630522088355,1.2833935018050542,0.9381153305203939,0.97976011994003,2020-01-16,2.075938,1,1
CLA-03,2020-01-02,0.1,0.7,,7.0,,,,14.06,-18.528218997966466,-51.15191904306638,1104.0,1410.0,1258.0,1244.0,859.0,848.0,-0.005595523581135092,-0.1884742560226736,-326.1111111111111,0.24889282550930025,1.2771739130434783,0.8921985815602836,0.9888712241653418,2020-01-16,2.075938,1,1
CLA-04,2020-01-02,0.01,0.2,,7.0,,,,31.08,-18.554869066877227,-51.12675459317855,593.0,934.0,968.0,847.0,482.0,276.0,-0.06666666666666667,-0.3351724137931035,-362.97777777777776,0.543801652892562,1.5750421585160201,1.0364025695931478,0.875,2020-01-16,2.075938,1,1
CLA-05,2020-01-02,0.01,0.2,,28.0,,,,12.72,-18.55495622601502,-51.12622947820932,540.0,902.0,949.0,841.0,428.0,265.0,-0.060335195530726256,-0.3783587509077705,-399.4,0.5458440445586975,1.6703703703703703,1.0521064301552105,0.8861959957850368,2020-01-16,2.075938,1,1
CLA-06,2020-01-02,0.01,27.6,,8.0,,,,29.27,-18.56984252661672,-51.10807692400981,1628.0,1996.0,1882.0,1789.0,1468.0,1329.0,-0.025333696540452193,-0.1235820895522388,-315.68888888888887,0.2006015037593985,1.2260442260442261,0.9428857715430862,0.9505844845908608,2020-01-16,2.075938,1,1
CLA-06B,2020-01-02,0.01,0.8,,7.0,,,,24.0,-18.580416304138197,-51.10538491999489,507.0,814.0,636.0,543.0,259.0,187.0,-0.07888040712468193,-0.4212290502793296,-297.1777777777778,0.6263736263736264,1.6055226824457594,0.7813267813267813,0.8537735849056604,2020-01-16,2.075938,1,1
CLA-07,2020-01-02,0.01,0.4,,9.0,,,,18.86,-18.64469238815568,-51.05218482324302,1736.0,2004.0,1766.0,1784.0,1524.0,1433.0,0.0050704225352112674,-0.07355623100303951,-182.79999999999995,0.16613325574629037,1.1543778801843319,0.8812375249500998,1.0101925254813138,2020-01-16,2.075938,1,1
CLA-08,2020-01-02,0.01,0.8,,3.0,,,,7.08,-18.706763370925028,-51.008782838537705,1738.0,1866.0,1686.0,1714.0,1556.0,1341.0,0.00823529411764706,-0.040098704503392965,-68.66666666666674,0.1637043966323667,1.0736478711162256,0.9035369774919614,1.0166073546856464,2020-01-16,2.075938,1,1
CLA-08CS,2020-01-02,0.01,0.8,,3.0,,,,7.08,-18.658334892800493,-51.06757829218299,934.0,1168.0,915.0,893.0,702.0,641.0,-0.012168141592920354,-0.13172541743970315,-164.2888888888889,0.29132117191818685,1.2505353319057815,0.7833904109589042,0.9759562841530055,2020-01-16,2.075938,1,1
CLA-09,2020-01-02,0.01,0.2,,6.0,,,,7.02,-18.732783800131944,-51.003284514940056,1190.0,1492.0,1446.0,1375.0,961.0,830.0,-0.025168380007089684,-0.20149563772330703,-375.4888888888888,0.285099052540913,1.253781512605042,0.9691689008042895,0.9508990318118948,2020-01-16,2.075938,1,1
CLA-ETE,2020-01-02,2.3,,,6.0,,,,146.2,-18.56789782716224,-51.11068187135282,477.0,780.0,672.0,600.0,436.0,294.0,-0.05660377358490566,-0.21299638989169675,-168.79999999999995,0.45251396648044695,1.6352201257861636,0.8615384615384616,0.8928571428571429,2020-01-16,2.075938,1,1
CLA-01,2020-04-01,0.001,,,11.0,,,,17.78,-18.40471469720768,-51.22287716980235,1458.0,1898.0,2288.0,2592.0,1228.0,483.0,0.06229508196721312,-0.3014789533560865,-739.1111111111111,0.5942881142377152,1.3017832647462277,1.2054794520547945,1.132867132867133,2020-04-10,0.00886,4,2
CLA-02,2020-04-01,0.001,,,12.0,,,,12.05,-18.478620867606217,-51.188607926708855,477.0,781.0,634.0,518.0,148.0,41.0,-0.10069444444444445,-0.6214833759590793,-380.5777777777778,0.9002433090024331,1.6373165618448637,0.8117797695262484,0.8170347003154574,2020-04-10,0.00886,4,2
CLA-03,2020-04-01,0.001,,,11.0,,,,10.92,-18.528218997966466,-51.15191904306638,442.0,725.0,561.0,451.0,115.0,34.0,-0.10869565217391304,-0.6597633136094675,-352.31111111111113,0.9104084321475626,1.6402714932126696,0.7737931034482759,0.803921568627451,2020-04-10,0.00886,4,2
CLA-04,2020-04-01,0.001,,,1.0,,,,56.01,-18.554869066877227,-51.12675459317855,464.0,778.0,808.0,673.0,283.0,125.0,-0.09115462525320729,-0.48120989917506873,-403.5777777777778,0.7231450719822813,1.6767241379310345,1.038560411311054,0.8329207920792079,2020-04-10,0.00886,4,2
CLA-05,2020-04-01,0.53,,,19.0,,,,7.4,-18.55495622601502,-51.12622947820932,471.0,801.0,805.0,670.0,230.0,84.0,-0.09152542372881356,-0.5555555555555556,-446.8222222222222,0.8101694915254237,1.7006369426751593,1.0049937578027466,0.8322981366459627,2020-04-10,0.00886,4,2
CLA-06,2020-04-01,0.001,,,8.0,,,,53.84,-18.56984252661672,-51.10807692400981,530.0,886.0,924.0,779.0,267.0,130.0,-0.08514386376981797,-0.5516372795969773,-515.8444444444444,0.7440944881889764,1.6716981132075472,1.0428893905191874,0.8430735930735931,2020-04-10,0.00886,4,2
CLA-06B,2020-04-01,0.78,,,9.0,,,,17.92,-18.580416304138197,-51.10538491999489,446.0,756.0,605.0,504.0,130.0,56.0,-0.09107303877366997,-0.6462585034013606,-377.4,0.8620689655172413,1.695067264573991,0.8002645502645502,0.8330578512396695,2020-04-10,0.00886,4,2
CLA-07,2020-04-01,0.001,,,10.0,,,,12.04,-18.64469238815568,-51.05218482324302,455.0,705.0,485.0,423.0,134.0,67.0,-0.06828193832599119,-0.567043618739903,-276.68888888888887,0.8264248704663213,1.5494505494505495,0.6879432624113475,0.8721649484536083,2020-04-10,0.00886,4,2
CLA-08,2020-04-01,0.001,,,10.0,,,,9.82,-18.706763370925028,-51.008782838537705,464.0,760.0,565.0,455.0,199.0,75.0,-0.10784313725490197,-0.4790575916230366,-278.8888888888889,0.8203592814371258,1.6379310344827587,0.743421052631579,0.8053097345132744,2020-04-10,0.00886,4,2
CLA-08CS,2020-04-01,0.001,,,9.0,,,,9.12,-18.658334892800493,-51.06757829218299,431.0,653.0,399.0,395.0,96.0,57.0,-0.005037783375314861,-0.6121212121212121,-242.2,0.8394366197183099,1.5150812064965198,0.6110260336906586,0.9899749373433584,2020-04-10,0.00886,4,2
CLA-09,2020-04-01,0.001,,,9.0,,,,9.78,-18.732783800131944,-51.003284514940056,570.0,929.0,926.0,769.0,295.0,136.0,-0.09262536873156342,-0.5167895167895168,-490.55555555555554,0.7446009389671362,1.6298245614035087,0.9967707212055974,0.8304535637149028,2020-04-10,0.00886,4,2
CLA-ETE,2020-04-01,,,,24.0,,,,37.22,-18.56789782716224,-51.11068187135282,443.0,754.0,759.0,697.0,462.0,202.0,-0.042582417582417584,-0.24324324324324326,-197.97777777777776,0.5774058577405857,1.7020316027088036,1.006631299734748,0.9183135704874835,2020-04-10,0.00886,4,2
CLA-01,2020-07-15,0.4,1.6,,7.0,,,7.0,1.86,-18.40471469720768,-51.22287716980235,567.0,759.0,586.0,933.0,357.0,391.0,0.228439763001975,-0.24284199363732767,-194.33333333333337,0.32,1.3386243386243386,0.7720685111989459,1.5921501706484642,2020-08-13,0.00545,7,3
CLA-02,2020-07-15,0.55,1.5,,6.0,,,,2.12,-18.478620867606217,-51.188607926708855,348.0,502.0,308.0,243.0,154.0,108.0,-0.11796733212341198,-0.3333333333333333,-118.44444444444446,0.6459016393442623,1.4425287356321839,0.6135458167330677,0.788961038961039,2020-08-13,0.00545,7,3
CLA-03,2020-07-15,0.38,1.8,,8.0,,,,2.35,-18.528218997966466,-51.15191904306638,295.0,391.0,225.0,187.0,118.0,94.0,-0.09223300970873786,-0.3119533527696793,-83.71111111111111,0.6123711340206186,1.3254237288135593,0.5754475703324808,0.8311111111111111,2020-08-13,0.00545,7,3
CLA-04,2020-07-15,0.7,1.6,,10.0,,,,3.05,-18.554869066877227,-51.12675459317855,306.0,427.0,349.0,307.0,169.0,210.0,-0.06402439024390244,-0.3474903474903475,-155.2888888888889,0.34065934065934067,1.3954248366013071,0.8173302107728337,0.8796561604584527,2020-08-13,0.00545,7,3
CLA-05,2020-07-15,1.0,0.2,,18.0,,,,2.69,-18.55495622601502,-51.12622947820932,306.0,434.0,281.0,226.0,153.0,182.0,-0.10848126232741617,-0.29493087557603687,-110.39999999999998,0.4090909090909091,1.4183006535947713,0.6474654377880185,0.8042704626334519,2020-08-13,0.00545,7,3
CLA-06,2020-07-15,0.45,1.8,,9.0,,,,3.43,-18.56984252661672,-51.10807692400981,307.0,457.0,288.0,265.0,161.0,210.0,-0.04159132007233273,-0.2828507795100223,-113.13333333333333,0.37031484257871067,1.488599348534202,0.6301969365426696,0.9201388888888888,2020-08-13,0.00545,7,3
CLA-06B,2020-07-15,0.5,1.6,,9.0,,,,1.76,-18.580416304138197,-51.10538491999489,280.0,429.0,239.0,195.0,115.0,146.0,-0.10138248847926268,-0.3502824858757062,-107.46666666666667,0.49217391304347824,1.5321428571428573,0.5571095571095571,0.8158995815899581,2020-08-13,0.00545,7,3
CLA-07,2020-07-15,0.48,1.8,,10.0,,,,2.64,-18.64469238815568,-51.05218482324302,289.0,450.0,251.0,207.0,134.0,123.0,-0.09606986899563319,-0.3038961038961039,-94.24444444444444,0.5706806282722513,1.5570934256055364,0.5577777777777778,0.8247011952191236,2020-08-13,0.00545,7,3
CLA-08,2020-07-15,0.6,1.6,,9.0,,,,3.16,-18.706763370925028,-51.008782838537705,314.0,419.0,244.0,201.0,187.0,150.0,-0.09662921348314607,-0.13225058004640372,-40.28888888888889,0.4727592267135325,1.3343949044585988,0.5823389021479713,0.8237704918032787,2020-08-13,0.00545,7,3
CLA-08CS,2020-07-15,0.72,1.8,,8.0,,,,3.46,-18.658334892800493,-51.06757829218299,295.0,458.0,242.0,196.0,89.0,132.0,-0.1050228310502283,-0.4622356495468278,-133.44444444444446,0.5525423728813559,1.5525423728813559,0.5283842794759825,0.8099173553719008,2020-08-13,0.00545,7,3
CLA-09,2020-07-15,0.5,4.0,,6.0,,,,2.89,-18.732783800131944,-51.003284514940056,260.0,386.0,240.0,384.0,180.0,171.0,0.23076923076923078,-0.14285714285714285,-47.73333333333332,0.3859964093357271,1.4846153846153847,0.6217616580310881,1.6,2020-08-13,0.00545,7,3
CLA-ETE,2020-07-15,1.16,0.8,,19.0,,,,20.24,-18.56789782716224,-51.11068187135282,296.0,434.0,309.0,265.0,299.0,272.0,-0.07665505226480836,-0.01644736842105263,-3.422222222222217,0.22946175637393768,1.4662162162162162,0.7119815668202765,0.8576051779935275,2020-08-13,0.00545,7,3
CLA-01,2020-10-07,2.1,1.2,,9.0,,,,1.45,-18.40471469720768,-51.22287716980235,486.0,588.0,528.0,710.0,398.0,491.0,0.1470113085621971,-0.14038876889848811,-123.42222222222222,0.08989805375347544,1.2098765432098766,0.8979591836734694,1.3446969696969697,2020-09-12,0.005689,10,4
CLA-02,2020-10-07,2.34,2.4,,8.0,,,,2.15,-18.478620867606217,-51.188607926708855,418.0,544.0,426.0,398.0,329.0,326.0,-0.03398058252427184,-0.12847682119205298,-79.22222222222223,0.25057471264367814,1.3014354066985645,0.7830882352941176,0.9342723004694836,2020-09-12,0.005689,10,4
CLA-03,2020-10-07,2.41,2.0,,7.0,,,,2.21,-18.528218997966466,-51.15191904306638,435.0,544.0,418.0,413.0,309.0,306.0,-0.006016847172081829,-0.1499312242090784,-89.0888888888889,0.28,1.2505747126436781,0.7683823529411765,0.9880382775119617,2020-09-12,0.005689,10,4
CLA-04,2020-10-07,2.85,2.2,,11.0,,,,2.54,-18.554869066877227,-51.12675459317855,557.0,702.0,644.0,552.0,558.0,523.0,-0.07692307692307693,-0.07154742096505824,-64.48888888888894,0.14612244897959184,1.26032315978456,0.9173789173789174,0.8571428571428571,2020-09-12,0.005689,10,4
CLA-05,2020-10-07,1.5,0.1,,22.0,,,,2.54,-18.55495622601502,-51.12622947820932,415.0,532.0,422.0,369.0,327.0,384.0,-0.06700379266750948,-0.1268357810413885,-88.24444444444447,0.1615720524017467,1.2819277108433735,0.793233082706767,0.8744075829383886,2020-09-12,0.005689,10,4
CLA-06,2020-10-07,1.59,2.0,,9.0,,,,2.48,-18.56984252661672,-51.10807692400981,403.0,569.0,396.0,410.0,291.0,387.0,0.017369727047146403,-0.15283842794759825,-103.39999999999998,0.1903765690376569,1.411910669975186,0.6959578207381371,1.0353535353535352,2020-09-12,0.005689,10,4
CLA-06B,2020-10-07,5.2,2.1,,10.0,,,,2.36,-18.580416304138197,-51.10538491999489,338.0,484.0,339.0,297.0,214.0,279.0,-0.0660377358490566,-0.22603978300180833,-114.33333333333331,0.2686762778505898,1.4319526627218935,0.7004132231404959,0.8761061946902655,2020-09-12,0.005689,10,4
CLA-07,2020-10-07,4.5,2.1,,10.0,,,,2.12,-18.64469238815568,-51.05218482324302,503.0,653.0,518.0,497.0,406.0,432.0,-0.020689655172413793,-0.12121212121212122,-96.71111111111111,0.20368663594470046,1.2982107355864811,0.7932618683001531,0.9594594594594594,2020-09-12,0.005689,10,4
CLA-08,2020-10-07,1.74,1.6,,9.0,,,,2.84,-18.706763370925028,-51.008782838537705,300.0,449.0,324.0,290.0,258.0,230.0,-0.05537459283387622,-0.1134020618556701,-49.28888888888889,0.3225331369661267,1.4966666666666666,0.7216035634743875,0.8950617283950617,2020-09-12,0.005689,10,4
CLA-08CS,2020-10-14,1.29,1.4,,9.0,,,,2.45,-18.658334892800493,-51.06757829218299,917.0,1104.0,865.0,819.0,789.0,748.0,-0.027315914489311165,-0.045949214026602174,-55.200000000000045,0.19222462203023757,1.2039258451472192,0.7835144927536232,0.9468208092485549,2020-10-02,0.006008,10,4
CLA-09,2020-10-15,1.3,0.6,,8.0,,,,2.72,-18.732783800131944,-51.003284514940056,302.0,445.0,261.0,483.0,280.0,219.0,0.29838709677419356,0.03512014787430684,26.46666666666667,0.34036144578313254,1.4735099337748345,0.5865168539325842,1.8505747126436782,2020-10-02,0.006008,10,4
CLA-ETE,2020-10-14,3.41,0.6,,23.0,,,23.0,2.84,-18.56789782716224,-51.11068187135282,644.0,835.0,732.0,723.0,597.0,660.0,-0.006185567010309278,-0.10158013544018059,-122.20000000000005,0.11705685618729098,1.296583850931677,0.8766467065868263,0.9877049180327869,2020-10-02,0.006008,10,4
CLA-01,2021-10-03,1.34,2.5,16.0,,,,,2.46,-18.40471469720768,-51.22287716980235,780.0,842.0,830.0,1163.0,745.0,626.0,0.16708479678876068,-0.05396825396825397,-48.73333333333335,0.14713896457765668,1.0794871794871794,0.9857482185273159,1.4012048192771085,2021-09-22,0.004277,10,4
CLA-02,2021-10-03,1.0,2.0,16.0,,,,,2.4,-18.478620867606217,-51.188607926708855,664.0,717.0,650.0,636.0,525.0,344.0,-0.01088646967340591,-0.10638297872340426,-70.60000000000002,0.351555136663525,1.0798192771084338,0.9065550906555091,0.9784615384615385,2021-09-22,0.004277,10,4
CLA-03,2021-10-03,1.67,2.5,16.0,,,,,1.59,-18.528218997966466,-51.15191904306638,648.0,664.0,590.0,588.0,491.0,351.0,-0.001697792869269949,-0.09158186864014801,-56.51111111111106,0.3083743842364532,1.0246913580246915,0.8885542168674698,0.9966101694915255,2021-09-22,0.004277,10,4
CLA-04,2021-10-03,1.34,4.0,16.0,,,,,1.06,-18.554869066877227,-51.12675459317855,616.0,687.0,623.0,667.0,615.0,511.0,0.034108527131782945,-0.006462035541195477,11.911111111111154,0.14691151919866444,1.1152597402597402,0.9068413391557496,1.0706260032102728,2021-09-22,0.004277,10,4
CLA-05,2021-10-03,1.0,2.5,18.0,,,,,1.73,-18.55495622601502,-51.12622947820932,625.0,688.0,589.0,594.0,551.0,420.0,0.00422654268808115,-0.03333333333333333,-7.95555555555552,0.24187725631768953,1.1008,0.8561046511627907,1.0084889643463497,2021-09-22,0.004277,10,4
CLA-06,2021-10-03,2.67,3.0,16.0,,,,,1.44,-18.56984252661672,-51.10807692400981,703.0,773.0,683.0,700.0,607.0,514.0,0.012292118582791034,-0.05891472868217054,-45.95555555555552,0.20124320124320125,1.0995732574679944,0.8835705045278137,1.0248901903367496,2021-09-22,0.004277,10,4
CLA-06B,2021-10-03,1.0,2.0,16.0,,,,,1.33,-18.580416304138197,-51.10538491999489,636.0,699.0,615.0,626.0,518.0,435.0,0.008863819500402902,-0.08561341571050309,-65.0,0.2328042328042328,1.099056603773585,0.8798283261802575,1.0178861788617886,2021-09-22,0.004277,10,4
CLA-07,2021-10-03,1.67,2.5,16.0,,,,,1.09,-18.64469238815568,-51.05218482324302,690.0,781.0,678.0,670.0,609.0,492.0,-0.005934718100890208,-0.053613053613053616,-35.93333333333328,0.2270227808326787,1.1318840579710145,0.8681177976952625,0.9882005899705014,2021-09-22,0.004277,10,4
CLA-08,2021-10-03,2.34,1.0,16.0,,,,,1.01,-18.706763370925028,-51.008782838537705,647.0,719.0,681.0,669.0,631.0,505.0,-0.008888888888888889,-0.038109756097560975,-18.71111111111111,0.17483660130718953,1.1112828438948996,0.9471488178025035,0.9823788546255506,2021-09-22,0.004277,10,4
CLA-08CS,2021-10-03,1.0,2.5,16.0,,,,,1.28,-18.658334892800493,-51.06757829218299,710.0,792.0,656.0,661.0,536.0,448.0,0.0037965072133637054,-0.10067114093959731,-83.02222222222224,0.27741935483870966,1.115492957746479,0.8282828282828283,1.0076219512195121,2021-09-22,0.004277,10,4
CLA-09,2021-10-03,1.0,0.8,16.0,,,,,1.28,-18.732783800131944,-51.003284514940056,577.0,709.0,556.0,778.0,571.0,414.0,0.1664167916041979,0.013309671694764862,40.24444444444441,0.26268922528940336,1.2287694974003467,0.7842031029619182,1.3992805755395683,2021-09-22,0.004277,10,4
CLA-ETE,2021-10-03,36.32,0.0,128.0,,,,,89.9,-18.56789782716224,-51.11068187135282,638.0,726.0,637.0,642.0,664.0,493.0,0.003909304143862392,0.0207532667179093,52.60000000000002,0.1911402789171452,1.1379310344827587,0.8774104683195593,1.0078492935635792,2021-09-22,0.004277,10,4
CLA-01,2022-01-04,1.0,,,12.0,,,28.0,29.6,-18.40471469720768,-51.22287716980235,1202.0,1678.0,2118.0,2616.0,1354.0,543.0,0.10519645120405577,-0.22004608294930875,-484.0,0.5110310670868978,1.3960066555740434,1.2622169249106079,1.2351274787535411,2021-12-26,0.185473,1,1
CLA-02,2022-01-04,1.0,,,12.0,,,20.0,23.3,-18.478620867606217,-51.188607926708855,1040.0,1458.0,1538.0,1432.0,867.0,700.0,-0.03569023569023569,-0.279002079002079,-522.0222222222221,0.35125115848007415,1.4019230769230768,1.0548696844993142,0.9310793237971391,2021-12-26,0.185473,1,1
CLA-03,2022-01-04,3.0,,,12.0,,,150.0,18.8,-18.528218997966466,-51.15191904306638,1686.0,2082.0,2062.0,2006.0,1418.0,1351.0,-0.01376597836774828,-0.1850574712643678,-517.5999999999999,0.21293329449461113,1.2348754448398576,0.9903938520653218,0.9728419010669254,2021-12-26,0.185473,1,1
CLA-04,2022-01-04,2.0,,,18.0,,,68.0,33.3,-18.554869066877227,-51.12675459317855,1908.0,2320.0,2666.0,2614.0,1896.0,1602.0,-0.009848484848484848,-0.1687856203419553,-580.8444444444444,0.18306986231514533,1.2159329140461217,1.1491379310344827,0.9804951237809453,2021-12-26,0.185473,1,1
CLA-05,2022-01-04,1.34,,,98.0,,,224.0,15.6,-18.55495622601502,-51.12622947820932,1768.0,2236.0,2566.0,2710.0,1768.0,1527.0,0.027293404094010616,-0.18412551915089986,-613.2888888888888,0.1884134998671273,1.2647058823529411,1.1475849731663685,1.0561184723304755,2021-12-26,0.185473,1,1
CLA-06,2022-01-04,1.0,,,12.0,,,38.0,32.5,-18.56984252661672,-51.10807692400981,678.0,1074.0,1162.0,1106.0,452.0,315.0,-0.024691358024691357,-0.4399008674101611,-559.4222222222222,0.5464362850971922,1.584070796460177,1.0819366852886405,0.9518072289156626,2021-12-26,0.185473,1,1
CLA-06B,2022-01-04,1.0,,,12.0,,,76.0,34.8,-18.580416304138197,-51.10538491999489,1974.0,2392.0,2444.0,2392.0,1682.0,1535.0,-0.010752688172043012,-0.18468250121182744,-600.4000000000001,0.21823274764451234,1.2117527862208712,1.0217391304347827,0.9787234042553191,2021-12-26,0.185473,1,1
CLA-07,2022-01-04,1.0,,,12.0,,,88.0,18.3,-18.64469238815568,-51.05218482324302,1204.0,1520.0,1346.0,1260.0,949.0,787.0,-0.03300076745970836,-0.17298474945533768,-297.62222222222226,0.31772865192891203,1.2624584717607974,0.8855263157894737,0.9361069836552749,2021-12-26,0.185473,1,1
CLA-08,2022-01-04,1.0,,,10.0,,,78.0,13.6,-18.706763370925028,-51.008782838537705,399.0,671.0,445.0,357.0,183.0,90.0,-0.10972568578553615,-0.4171974522292994,-198.8888888888889,0.7634691195795007,1.681704260651629,0.6631892697466468,0.802247191011236,2021-12-26,0.185473,1,1
CLA-08CS,2022-01-04,1.0,,,20.0,,,22.0,14.0,-18.658334892800493,-51.06757829218299,818.0,1112.0,941.0,724.0,480.0,305.0,-0.13033033033033034,-0.32441942294159043,-347.9333333333334,0.5695130557515878,1.3594132029339854,0.8462230215827338,0.769394261424017,2021-12-26,0.185473,1,1
CLA-09,2022-01-04,1.0,,,12.0,,,82.0,22.2,-18.732783800131944,-51.003284514940056,1102.0,1444.0,1396.0,1377.0,856.0,769.0,-0.006851785070320952,-0.23978685612788633,-428.5333333333333,0.3050158156348848,1.3103448275862069,0.9667590027700831,0.9863896848137536,2021-12-26,0.185473,1,1
CLA-ETE,2022-01-04,66.75,,,156.0,0.3,10.0,264.0,36.1,-18.56789782716224,-51.11068187135282,1042.0,1372.0,1498.0,1455.0,1074.0,735.0,-0.014561462919065358,-0.16485225505443235,-288.3555555555556,0.3023255813953488,1.3166986564299423,1.0918367346938775,0.9712950600801068,2021-12-26,0.185473,1,1
CLA-01,2022-04-03,1.0,0.4,,20.0,,,28.0,45.4,-18.40471469720768,-51.22287716980235,676.0,1028.0,1116.0,1523.0,585.0,383.0,0.15422508525956802,-0.31216931216931215,-400.68888888888887,0.4571226080793763,1.5207100591715976,1.0856031128404668,1.364695340501792,2022-04-25,0.002166,4,2
CLA-02,2022-04-03,1.0,0.6,,18.0,,,28.0,21.9,-18.478620867606217,-51.188607926708855,401.0,666.0,530.0,434.0,185.0,57.0,-0.0995850622406639,-0.4825174825174825,-260.9111111111111,0.8423236514522822,1.660847880299252,0.7957957957957958,0.8188679245283019,2022-04-25,0.002166,4,2
CLA-03,2022-04-03,1.0,0.95,,18.0,,,24.0,13.3,-18.528218997966466,-51.15191904306638,539.0,874.0,907.0,794.0,257.0,94.0,-0.06643151087595532,-0.5584192439862543,-505.4666666666667,0.8057851239669421,1.6215213358070502,1.0377574370709381,0.8754134509371555,2022-03-23,0.001784,4,2
CLA-04,2022-04-03,5.34,0.5,,18.0,,,26.0,33.9,-18.554869066877227,-51.12675459317855,524.0,902.0,1192.0,1161.0,544.0,435.0,-0.01317467063323417,-0.37327188940092165,-513.4222222222222,0.3492894540014959,1.7213740458015268,1.3215077605321508,0.9739932885906041,2022-03-23,0.001784,4,2
CLA-05,2022-04-03,1.669,0.5,,20.0,,,30.0,31.8,-18.55495622601502,-51.12622947820932,532.0,914.0,1228.0,1206.0,508.0,158.0,-0.009038619556285949,-0.4147465437788018,-529.7777777777778,0.7052238805970149,1.718045112781955,1.3435448577680524,0.9820846905537459,2022-03-23,0.001784,4,2
CLA-06,2022-04-03,1.0,0.5,,18.0,,,26.0,33.9,-18.56984252661672,-51.10807692400981,552.0,963.0,1260.0,1254.0,486.0,139.0,-0.002386634844868735,-0.44329896907216493,-574.7111111111112,0.7477313974591652,1.7445652173913044,1.308411214953271,0.9952380952380953,2022-03-23,0.001784,4,2
CLA-06B,2022-04-03,1.335,1.5,,28.0,,,32.0,23.8,-18.580416304138197,-51.10538491999489,524.0,852.0,836.0,710.0,226.0,83.0,-0.0815006468305304,-0.5743879472693032,-476.1333333333333,0.8224598930481284,1.6259541984732824,0.9812206572769953,0.8492822966507177,2022-03-23,0.001784,4,2
CLA-07,2022-04-03,4.005,0.5,,22.0,,,28.0,16.1,-18.64469238815568,-51.05218482324302,562.0,904.0,824.0,718.0,279.0,145.0,-0.06874189364461739,-0.4941069809610154,-424.2888888888889,0.7235462345090562,1.6085409252669038,0.911504424778761,0.8713592233009708,2022-03-23,0.001784,4,2
CLA-08,2022-04-03,1.001,0.8,,18.0,,,24.0,33.5,-18.706763370925028,-51.008782838537705,534.0,868.0,803.0,682.0,289.0,126.0,-0.08148148148148149,-0.4706959706959707,-393.6444444444444,0.7464788732394366,1.6254681647940075,0.9251152073732719,0.8493150684931506,2022-03-23,0.001784,4,2
CLA-08CS,2022-04-03,1.0,0.5,,22.0,,,32.0,13.3,-18.658334892800493,-51.06757829218299,517.0,830.0,758.0,625.0,204.0,93.0,-0.09616775126536514,-0.5758835758835759,-435.7777777777778,0.7984832069339112,1.6054158607350097,0.9132530120481928,0.8245382585751979,2022-03-23,0.001784,4,2
CLA-09,2022-04-03,1.0,0.8,,30.0,,,38.0,35.3,-18.732783800131944,-51.003284514940056,549.0,896.0,932.0,809.0,307.0,178.0,-0.07064905226881103,-0.5044390637610977,-490.9555555555555,0.6685288640595903,1.6320582877959928,1.0401785714285714,0.8680257510729614,2022-03-23,0.001784,4,2
CLA-ETE,2022-04-03,,,,166.0,0.3,10.0,248.0,33.6,-18.56789782716224,-51.11068187135282,423.0,736.0,792.0,1108.0,1998.0,421.0,0.16631578947368422,0.432258064516129,1271.9555555555555,0.2722558340535869,1.739952718676123,1.076086956521739,1.398989898989899,2022-03-23,0.001784,4,2
CLA-01,2022-07-02,1.0,2.0,,16.0,,,22.0,4.54,-18.40471469720768,-51.22287716980235,456.0,733.0,612.0,824.0,315.0,300.0,0.14763231197771587,-0.32038834951456313,-241.5333333333333,0.4191674733785092,1.6074561403508771,0.834924965893588,1.34640522875817,2022-07-04,0.002884,7,3
CLA-02,2022-07-02,5.674,3.5,,18.0,,,30.0,1.98,-18.478620867606217,-51.188607926708855,237.0,365.0,171.0,148.0,96.0,72.0,-0.07210031347962383,-0.2808988764044944,-57.400000000000006,0.6704805491990846,1.540084388185654,0.4684931506849315,0.8654970760233918,2022-07-04,0.002884,7,3
CLA-03,2022-07-02,13.684,5.0,,16.0,,,20.0,1.89,-18.528218997966466,-51.15191904306638,240.0,336.0,169.0,162.0,122.0,102.0,-0.021148036253776436,-0.16151202749140894,-35.0888888888889,0.5342465753424658,1.4,0.5029761904761905,0.9585798816568047,2022-07-31,0.002127,7,3
CLA-04,2022-07-02,8.678,1.5,,22.0,,,32.0,3.55,-18.554869066877227,-51.12675459317855,308.0,450.0,342.0,427.0,316.0,528.0,0.11053315994798439,-0.03951367781155015,-59.06666666666666,-0.07975460122699386,1.4610389610389611,0.76,1.2485380116959064,2022-07-31,0.002127,7,3
CLA-05,2022-07-02,17.355,0.5,,62.0,,,70.0,2.83,-18.55495622601502,-51.12622947820932,307.0,448.0,312.0,265.0,232.0,237.0,-0.08145580589254767,-0.14705882352941177,-66.66666666666669,0.30802919708029197,1.4592833876221498,0.6964285714285714,0.8493589743589743,2022-07-31,0.002127,7,3
CLA-06,2022-07-02,1.0,1.5,,26.0,,,30.0,5.8,-18.56984252661672,-51.10807692400981,340.0,487.0,271.0,255.0,199.0,210.0,-0.030418250950570342,-0.15319148936170213,-61.155555555555566,0.39741750358680056,1.4323529411764706,0.5564681724845996,0.940959409594096,2022-07-31,0.002127,7,3
CLA-06B,2022-07-02,1.0,2.0,,18.0,,,22.0,3.31,-18.580416304138197,-51.10538491999489,326.0,489.0,252.0,250.0,137.0,155.0,-0.00398406374501992,-0.29562982005141386,-97.75555555555556,0.5186335403726708,1.5,0.5153374233128835,0.9920634920634921,2022-07-31,0.002127,7,3
CLA-07,2022-07-02,1.335,3.0,,18.0,,,20.0,3.36,-18.64469238815568,-51.05218482324302,322.0,518.0,264.0,239.0,162.0,131.0,-0.04970178926441352,-0.23943661971830985,-78.35555555555555,0.5963020030816641,1.608695652173913,0.5096525096525096,0.9053030303030303,2022-07-31,0.002127,7,3
CLA-08,2022-07-02,1.0,1.8,,20.0,,,30.0,6.63,-18.706763370925028,-51.008782838537705,388.0,576.0,320.0,288.0,209.0,177.0,-0.05263157894736842,-0.20982986767485823,-85.57777777777778,0.5298804780876494,1.4845360824742269,0.5555555555555556,0.9,2022-07-31,0.002127,7,3
CLA-08CS,2022-07-02,4.673,1.5,,20.0,,,24.0,1.89,-18.658334892800493,-51.06757829218299,370.0,487.0,244.0,216.0,152.0,163.0,-0.06086956521739131,-0.23232323232323232,-77.6,0.49846153846153846,1.3162162162162163,0.5010266940451745,0.8852459016393442,2022-07-31,0.002127,7,3
CLA-09,2022-07-02,10.68,0.7,,20.0,,,22.0,2.82,-18.732783800131944,-51.003284514940056,272.0,396.0,330.0,378.0,210.0,244.0,0.06779661016949153,-0.2222222222222222,-104.71111111111111,0.2375,1.4558823529411764,0.8333333333333334,1.1454545454545455,2022-07-31,0.002127,7,3
CLA-ETE,2022-07-02,1.0,,,98.0,0.5,10.0,102.0,3.43,-18.56789782716224,-51.11068187135282,297.0,435.0,288.0,312.0,980.0,342.0,0.04,0.5457413249211357,682.4,0.11969111969111969,1.4646464646464648,0.6620689655172414,1.0833333333333333,2022-07-31,0.002127,7,3
CLA-01,2022-10-04,1.0,1.5,,16.0,,,22.0,7.13,-18.40471469720768,-51.22287716980235,680.0,730.0,700.0,1283.0,508.0,458.0,0.2939989914271306,-0.15894039735099338,-148.97777777777776,0.22895622895622897,1.0735294117647058,0.958904109589041,1.832857142857143,2022-09-17,0.000969,10,4
CLA-02,2022-10-04,1.0,2.0,,14.0,,,20.0,4.42,-18.478620867606217,-51.188607926708855,444.0,508.0,371.0,346.0,251.0,190.0,-0.03486750348675035,-0.19292604501607716,-87.8222222222222,0.45558739255014324,1.1441441441441442,0.7303149606299213,0.9326145552560647,2022-09-17,0.000969,10,4
CLA-03,2022-10-04,1.0,2.0,,12.0,,,18.0,2.21,-18.528218997966466,-51.15191904306638,402.0,429.0,292.0,272.0,178.0,131.0,-0.03546099290780142,-0.2425531914893617,-85.3777777777778,0.5321428571428571,1.0671641791044777,0.6806526806526807,0.9315068493150684,2022-09-17,0.000969,10,4
CLA-04,2022-10-04,1.0,1.5,,16.0,,,22.0,3.65,-18.554869066877227,-51.12675459317855,363.0,424.0,320.0,355.0,327.0,312.0,0.05185185185185185,0.010819165378670788,8.422222222222217,0.15217391304347827,1.1680440771349863,0.7547169811320755,1.109375,2022-09-17,0.000969,10,4
CLA-05,2022-10-04,1.0,1.5,,386.0,,,402.0,8.31,-18.55495622601502,-51.12622947820932,390.0,422.0,274.0,249.0,252.0,178.0,-0.04780114722753346,-0.04182509505703422,-4.933333333333337,0.4066666666666667,1.082051282051282,0.6492890995260664,0.9087591240875912,2022-09-17,0.000969,10,4
CLA-06,2022-10-04,1.0,2.9,,16.0,,,24.0,2.23,-18.56984252661672,-51.10807692400981,536.0,602.0,463.0,456.0,403.0,401.0,-0.007616974972796518,-0.06928406466512702,-48.97777777777776,0.20039880358923232,1.123134328358209,0.7691029900332226,0.9848812095032398,2022-09-17,0.000969,10,4
CLA-06B,2022-10-04,1.001,2.5,,16.0,,,22.0,2.36,-18.580416304138197,-51.10538491999489,396.0,440.0,270.0,250.0,174.0,141.0,-0.038461538461538464,-0.21621621621621623,-73.06666666666666,0.5146299483648882,1.1111111111111112,0.6136363636363636,0.9259259259259259,2022-09-17,0.000969,10,4
CLA-07,2022-10-04,1.0,2.5,,16.0,,,20.0,1.27,-18.64469238815568,-51.05218482324302,483.0,548.0,342.0,316.0,255.0,226.0,-0.03951367781155015,-0.1457286432160804,-66.3777777777778,0.4160206718346253,1.134575569358178,0.6240875912408759,0.9239766081871345,2022-09-17,0.000969,10,4
CLA-08,2022-10-04,1.252,1.2,,28.0,,,34.0,12.8,-18.706763370925028,-51.008782838537705,563.0,620.0,488.0,466.0,432.0,387.0,-0.023060796645702306,-0.06086956521739131,-38.04444444444442,0.2313803376365442,1.1012433392539964,0.7870967741935484,0.9549180327868853,2022-09-17,0.000969,10,4
CLA-08CS,2022-10-04,6.675,2.5,,16.0,,,22.0,3.28,-18.658334892800493,-51.06757829218299,540.0,592.0,377.0,369.0,300.0,269.0,-0.010723860589812333,-0.1137370753323486,-57.80000000000001,0.37514518002322883,1.0962962962962963,0.6368243243243243,0.9787798408488063,2022-09-17,0.000969,10,4
CLA-09,2022-10-04,2.67,0.6,,16.0,,,20.0,2.09,-18.732783800131944,-51.003284514940056,380.0,444.0,351.0,412.0,252.0,209.0,0.0799475753604194,-0.16417910447761194,-73.75555555555553,0.35987748851454826,1.168421052631579,0.7905405405405406,1.1737891737891737,2022-09-17,0.000969,10,4
CLA-ETE,2022-10-04,28.369,,,24.0,0.3,10.0,24.0,3.66,-18.56789782716224,-51.11068187135282,458.0,536.0,367.0,373.0,316.0,324.0,0.008108108108108109,-0.0746705710102489,-43.355555555555554,0.24651162790697675,1.1703056768558953,0.6847014925373134,1.0163487738419619,2022-09-17,0.000969,10,4
CLA-01,2023-01-15,1.0,0.2,,14.0,,,196.0,68.9,-18.40471469720768,-51.22287716980235,1422.0,1858.0,2302.0,2992.0,1552.0,582.0,0.1303362296939932,-0.19460300985988582,-444.2222222222222,0.5229508196721312,1.3066104078762306,1.2389666307857912,1.2997393570807994,2023-01-15,9.897738,1,1
CLA-02,2023-01-15,16.688,0.2,,14.0,,,204.0,77.9,-18.478620867606217,-51.188607926708855,844.0,1214.0,1628.0,1618.0,791.0,306.0,-0.0030807147258163892,-0.34601074824307565,-601.9777777777779,0.5973684210526315,1.438388625592417,1.3410214168039538,0.9938574938574939,2023-01-15,9.897738,1,1
CLA-03,2023-01-15,1.0,0.4,,14.0,,,106.0,35.4,-18.528218997966466,-51.15191904306638,367.0,546.0,292.0,235.0,104.0,41.0,-0.10815939278937381,-0.47474747474747475,-143.3777777777778,0.8603066439522998,1.4877384196185286,0.5347985347985348,0.8047945205479452,2022-12-23,2.084037,1,1
CLA-04,2023-01-15,1.0,0.4,,14.0,,,54.0,60.9,-18.554869066877227,-51.12675459317855,483.0,714.0,684.0,636.0,404.0,345.0,-0.03636363636363636,-0.25735294117647056,-219.73333333333335,0.34844192634560905,1.4782608695652173,0.957983193277311,0.9298245614035088,2022-12-23,2.084037,1,1
CLA-05,2023-01-15,1.0,0.3,,100.0,,,120.0,21.3,-18.55495622601502,-51.12622947820932,480.0,734.0,710.0,587.0,298.0,117.0,-0.09483423284502698,-0.4087301587301587,-306.5777777777778,0.7250293772032902,1.5291666666666666,0.9673024523160763,0.8267605633802817,2022-12-23,2.084037,1,1
CLA-06,2023-01-15,4.45,0.26,,14.0,,,16.0,57.1,-18.56984252661672,-51.10807692400981,472.0,708.0,406.0,408.0,241.0,146.0,0.002457002457002457,-0.2550231839258114,-118.77777777777777,0.65807962529274,1.5,0.5734463276836158,1.0049261083743843,2022-12-23,2.084037,1,1
CLA-06B,2023-01-15,1.0,0.35,,14.0,,,28.0,54.9,-18.580416304138197,-51.10538491999489,372.0,493.0,230.0,176.0,86.0,80.0,-0.1330049261083744,-0.45569620253164556,-117.33333333333334,0.7207678883071553,1.325268817204301,0.4665314401622718,0.7652173913043478,2022-12-23,2.084037,1,1
CLA-07,2023-01-15,1.0,0.65,,16.0,,,26.0,22.4,-18.64469238815568,-51.05218482324302,329.0,393.0,153.0,131.0,120.0,66.0,-0.07746478873239436,-0.12087912087912088,-17.53333333333333,0.7124183006535948,1.1945288753799392,0.3893129770992366,0.8562091503267973,2022-12-23,2.084037,1,1
CLA-08,2023-01-15,2.67,1.0,,16.0,,,124.0,13.8,-18.706763370925028,-51.008782838537705,348.0,408.0,182.0,167.0,172.0,104.0,-0.04297994269340974,-0.02824858757062147,3.8666666666666742,0.59375,1.1724137931034482,0.44607843137254904,0.9175824175824175,2022-12-23,2.084037,1,1
CLA-08CS,2023-01-15,1.0,0.8,,16.0,,,100.0,14.6,-18.658334892800493,-51.06757829218299,318.0,366.0,136.0,105.0,74.0,75.0,-0.12863070539419086,-0.29523809523809524,-51.15555555555555,0.6598639455782312,1.150943396226415,0.37158469945355194,0.7720588235294118,2022-12-23,2.084037,1,1
CLA-09,2023-01-15,1.0,0.3,,16.0,,,42.0,18.6,-18.732783800131944,-51.003284514940056,384.0,471.0,287.0,336.0,171.0,138.0,0.07865168539325842,-0.25327510917030566,-89.51111111111112,0.5467980295566502,1.2265625,0.6093418259023354,1.170731707317073,2022-12-23,2.084037,1,1
CLA-ETE,2023-01-15,230.288,,,206.0,0.7,24.0,248.0,61.5,-18.56789782716224,-51.11068187135282,426.0,592.0,348.0,352.0,515.0,188.0,0.005714285714285714,0.19351100811123986,195.44444444444446,0.517948717948718,1.3896713615023475,0.5878378378378378,1.0114942528735633,2022-12-23,2.084037,1,1
CLA-01,2023-04-10,2.57,1.3,,19.39,,,62.0,1.06,-18.40471469720768,-51.22287716980235,822.0,1196.0,1328.0,1675.0,712.0,371.0,0.11555111555111555,-0.30196078431372547,-445.8666666666668,0.5264837268666241,1.4549878345498783,1.1103678929765886,1.2612951807228916,2023-04-30,0.001757,4,2
CLA-02,2023-04-10,1.08,1.4,,19.0,,,57.0,14.66,-18.478620867606217,-51.188607926708855,280.0,554.0,403.0,324.0,106.0,53.0,-0.10866574965612105,-0.5834970530451866,-234.77777777777777,0.8253706754530478,1.9785714285714286,0.7274368231046932,0.8039702233250621,2023-04-30,0.001757,4,2
CLA-03,2023-04-10,4.37,1.2,,18.34,,,52.0,7.02,-18.528218997966466,-51.15191904306638,240.0,458.0,282.0,218.0,69.0,26.0,-0.128,-0.6068376068376068,-167.48888888888888,0.8925619834710744,1.9083333333333334,0.6157205240174672,0.7730496453900709,2023-04-30,0.001757,4,2
CLA-04,2023-04-10,0.42,0.75,,19.45,,,25.0,26.7,-18.554869066877227,-51.12675459317855,280.0,503.0,483.0,531.0,622.0,474.0,0.047337278106508875,0.1257918552036199,140.60000000000002,0.02968270214943705,1.7964285714285715,0.9602385685884692,1.0993788819875776,2023-04-30,0.001757,4,2
CLA-05,2023-04-10,0.05,0.4,,95.49,,,50.0,11.2,-18.55495622601502,-51.12622947820932,314.0,598.0,564.0,423.0,195.0,112.0,-0.14285714285714285,-0.48616600790513836,-288.64444444444445,0.6845070422535211,1.9044585987261147,0.9431438127090301,0.75,2023-04-30,0.001757,4,2
CLA-06,2023-04-10,1.95,1.1,,23.12,,,25.0,18.55,-18.56984252661672,-51.10807692400981,349.0,608.0,444.0,340.0,143.0,88.0,-0.1326530612244898,-0.5127768313458262,-237.7111111111111,0.7471264367816092,1.7421203438395416,0.7302631578947368,0.7657657657657657,2023-04-30,0.001757,4,2
CLA-06B,2023-04-10,6.26,1.4,,101.08,,,25.0,22.2,-18.580416304138197,-51.10538491999489,330.0,579.0,403.0,297.0,84.0,48.0,-0.15142857142857144,-0.6550308008213552,-255.8888888888889,0.84688995215311,1.7545454545454546,0.696027633851468,0.7369727047146402,2023-04-30,0.001757,4,2
CLA-07,2023-04-10,2.27,1.3,,19.31,,,52.0,20.5,-18.64469238815568,-51.05218482324302,326.0,596.0,424.0,307.0,111.0,48.0,-0.1600547195622435,-0.5850467289719626,-246.15555555555557,0.8509316770186336,1.8282208588957056,0.7114093959731543,0.7240566037735849,2023-04-30,0.001757,4,2
CLA-08,2023-04-10,1.88,1.5,,20.07,,,25.0,20.3,-18.706763370925028,-51.008782838537705,361.0,648.0,449.0,334.0,163.0,53.0,-0.14687100893997446,-0.4673202614379085,-215.60000000000002,0.8487874465049928,1.7950138504155124,0.6929012345679012,0.7438752783964365,2023-04-30,0.001757,4,2
CLA-08CS,2023-04-10,0.2,1.4,,18.73,,,25.0,18.13,-18.658334892800493,-51.06757829218299,339.0,626.0,458.0,317.0,73.0,45.0,-0.18193548387096775,-0.7250470809792844,-311.5777777777778,0.8658718330849479,1.8466076696165192,0.731629392971246,0.6921397379912664,2023-04-30,0.001757,4,2
CLA-09,2023-04-10,0.05,0.8,,17.32,,,25.0,23.6,-18.732783800131944,-51.003284514940056,383.0,645.0,548.0,469.0,156.0,105.0,-0.0776794493608653,-0.5568181818181818,-313.2444444444444,0.72,1.6840731070496084,0.8496124031007752,0.8558394160583942,2023-04-30,0.001757,4,2
CLA-ETE,2023-04-10,86.11,0.5,,55.0,0.7,25.0,66.0,18.38,-18.56789782716224,-51.11068187135282,301.0,598.0,460.0,328.0,228.0,128.0,-0.16751269035532995,-0.3372093023255814,-172.97777777777776,0.6473829201101928,1.9867109634551494,0.7692307692307693,0.7130434782608696,2023-04-30,0.001757,4,2
CLA-01,2023-07-25,1.0,1.6,,14.0,,,26.0,6.19,-18.40471469720768,-51.22287716980235,461.0,662.0,530.0,844.0,320.0,331.0,0.22852983988355166,-0.24705882352941178,-174.6222222222222,0.3333333333333333,1.4360086767895879,0.8006042296072508,1.5924528301886793,2023-08-03,0.001638,7,3
CLA-02,2023-07-25,1.0,3.0,,16.0,,,38.0,3.47,-18.478620867606217,-51.188607926708855,296.0,406.0,223.0,175.0,111.0,67.0,-0.12060301507537688,-0.33532934131736525,-84.26666666666665,0.7167019027484144,1.3716216216216217,0.5492610837438424,0.7847533632286996,2023-08-03,0.001638,7,3
CLA-03,2023-07-25,1.0,3.2,,16.0,,,28.0,1.62,-18.528218997966466,-51.15191904306638,271.0,324.0,122.0,95.0,59.0,51.0,-0.12442396313364056,-0.34806629834254144,-50.37777777777778,0.728,1.1955719557195572,0.3765432098765432,0.7786885245901639,2023-07-01,0.001157,7,3
CLA-04,2023-07-25,1.0,3.5,,16.0,,,22.0,2.83,-18.554869066877227,-51.12675459317855,285.0,412.0,328.0,482.0,790.0,579.0,0.19012345679012346,0.41323792486583183,417.3777777777778,-0.16851664984863773,1.4456140350877194,0.7961165048543689,1.4695121951219512,2023-07-01,0.001157,7,3
CLA-05,2023-07-25,1.0,3.0,,124.0,,,136.0,5.48,-18.55495622601502,-51.12622947820932,353.0,505.0,338.0,245.0,138.0,145.0,-0.1595197255574614,-0.42016806722689076,-165.68888888888887,0.5538461538461539,1.4305949008498584,0.6693069306930693,0.7248520710059172,2023-07-01,0.001157,7,3
CLA-06,2023-07-25,1.0,2.5,,20.0,,,88.0,2.04,-18.56984252661672,-51.10807692400981,299.0,470.0,228.0,183.0,109.0,125.0,-0.10948905109489052,-0.35311572700296734,-100.6888888888889,0.5798319327731093,1.5719063545150502,0.4851063829787234,0.8026315789473685,2023-07-01,0.001157,7,3
CLA-06B,2023-07-25,2.67,3.0,,18.0,,,42.0,4.21,-18.580416304138197,-51.10538491999489,291.0,410.0,211.0,138.0,62.0,68.0,-0.20916905444126074,-0.5457875457875457,-123.57777777777778,0.7154811715481172,1.4089347079037802,0.5146341463414634,0.6540284360189573,2023-07-01,0.001157,7,3
CLA-07,2023-07-25,1.0,2.5,,18.0,,,30.0,2.87,-18.64469238815568,-51.05218482324302,334.0,456.0,212.0,143.0,77.0,66.0,-0.19436619718309858,-0.4671280276816609,-109.04444444444445,0.7471264367816092,1.3652694610778444,0.4649122807017544,0.6745283018867925,2023-07-01,0.001157,7,3
CLA-08,2023-07-25,1.0,3.0,,20.0,,,50.0,2.43,-18.706763370925028,-51.008782838537705,332.0,495.0,228.0,175.0,135.0,90.0,-0.1315136476426799,-0.256198347107438,-68.46666666666667,0.6923076923076923,1.4909638554216869,0.46060606060606063,0.7675438596491229,2023-07-01,0.001157,7,3
CLA-08CS,2023-07-25,1.0,2.5,,18.0,,,98.0,2.26,-18.658334892800493,-51.06757829218299,348.0,463.0,226.0,151.0,75.0,82.0,-0.1989389920424403,-0.5016611295681063,-125.4,0.6990825688073394,1.3304597701149425,0.48812095032397407,0.668141592920354,2023-07-01,0.001157,7,3
CLA-09,2023-07-25,1.0,0.8,,18.0,,,30.0,2.92,-18.732783800131944,-51.003284514940056,280.0,344.0,214.0,264.0,154.0,128.0,0.10460251046025104,-0.16304347826086957,-44.71111111111111,0.4576271186440678,1.2285714285714286,0.622093023255814,1.233644859813084,2023-07-01,0.001157,7,3
CLA-ETE,2023-07-25,1.0,0.6,,24.0,0.1,10.0,38.0,5.48,-18.56789782716224,-51.11068187135282,298.0,420.0,233.0,214.0,385.0,172.0,-0.042505592841163314,0.2459546925566343,162.84444444444443,0.4189189189189189,1.4093959731543624,0.5547619047619048,0.9184549356223176,2023-07-01,0.001157,7,3
CLA-01,2023-10-04,3.004,1.0,,18.0,,,24.0,17.7,-18.40471469720768,-51.22287716980235,653.0,834.0,768.0,819.0,598.0,540.0,0.03213610586011342,-0.12445095168374817,-129.4666666666667,0.21397379912663755,1.2771822358346094,0.920863309352518,1.06640625,2023-09-17,0.011132,10,4
CLA-02,2023-10-04,1.0,2.0,,18.0,,,24.0,3.14,-18.478620867606217,-51.188607926708855,353.0,470.0,317.0,308.0,202.0,155.0,-0.0144,-0.22157996146435452,-86.19999999999999,0.504,1.3314447592067988,0.674468085106383,0.9716088328075709,2023-09-17,0.011132,10,4
CLA-03,2023-10-04,5.34,2.0,,18.0,,,22.0,3.19,-18.528218997966466,-51.15191904306638,368.0,443.0,247.0,220.0,147.0,102.0,-0.057815845824411134,-0.25380710659898476,-74.22222222222223,0.6256880733944954,1.203804347826087,0.5575620767494357,0.8906882591093117,2023-10-19,0.001188,10,4
CLA-04,2023-10-04,3.671,4.0,,266.0,,,350.0,2.58,-18.554869066877227,-51.12675459317855,384.0,463.0,376.0,554.0,576.0,661.0,0.1913978494623656,0.21008403361344538,149.33333333333331,-0.17615658362989323,1.2057291666666667,0.8120950323974082,1.4734042553191489,2023-10-19,0.001188,10,4
CLA-05,2023-10-04,1.0,1.5,,294.0,,,306.0,9.17,-18.55495622601502,-51.12622947820932,412.0,492.0,334.0,301.0,261.0,237.0,-0.05196850393700787,-0.1226890756302521,-55.75555555555553,0.3497942386831276,1.1941747572815533,0.6788617886178862,0.9011976047904192,2023-10-19,0.001188,10,4
CLA-06,2023-10-04,7.676,4.0,,22.0,,,30.0,3.15,-18.56984252661672,-51.10807692400981,357.0,378.0,219.0,223.0,200.0,215.0,0.00904977375565611,-0.045346062052505964,-18.28888888888889,0.2748735244519393,1.0588235294117647,0.5793650793650794,1.0182648401826484,2023-10-19,0.001188,10,4
CLA-06B,2023-10-04,1.0,5.0,,20.0,,,28.0,1.29,-18.580416304138197,-51.10538491999489,326.0,360.0,214.0,196.0,161.0,145.0,-0.04390243902439024,-0.14133333333333334,-40.73333333333332,0.42574257425742573,1.1042944785276074,0.5944444444444444,0.9158878504672897,2023-10-19,0.001188,10,4
CLA-07,2023-10-04,3.338,4.0,,20.0,,,38.0,2.65,-18.64469238815568,-51.05218482324302,329.0,352.0,198.0,193.0,170.0,124.0,-0.01278772378516624,-0.07608695652173914,-14.844444444444434,0.4789915966386555,1.0699088145896656,0.5625,0.9747474747474747,2023-10-19,0.001188,10,4
CLA-08,2023-10-04,1.0,5.0,,22.0,,,34.0,1.75,-18.706763370925028,-51.008782838537705,361.0,407.0,238.0,241.0,272.0,177.0,0.006263048016701462,0.06666666666666667,44.844444444444434,0.3938356164383562,1.1274238227146813,0.5847665847665847,1.0126050420168067,2023-10-19,0.001188,10,4
CLA-08CS,2023-10-04,1.0,4.5,,20.0,,,28.0,1.41,-18.658334892800493,-51.06757829218299,349.0,375.0,204.0,184.0,154.0,142.0,-0.05154639175257732,-0.13966480446927373,-38.97777777777779,0.4506769825918762,1.0744985673352436,0.544,0.9019607843137255,2023-10-19,0.001188,10,4
CLA-01,2024-01-20,1.0,0.7,,14.0,,,16.0,22.3,-18.40471469720768,-51.22287716980235,1034.0,1382.0,1670.0,2091.0,954.0,524.0,0.11193831427811753,-0.2728658536585366,-512.2666666666667,0.45015739769150054,1.3365570599613152,1.2083936324167872,1.2520958083832336,2024-02-14,21.4793,1,1
CLA-02,2024-01-20,1.0,1.0,,14.0,,,70.0,10.4,-18.478620867606217,-51.188607926708855,984.0,1318.0,1334.0,1269.0,682.0,624.0,-0.024971187091817133,-0.32341269841269843,-525.7777777777778,0.3573635427394439,1.339430894308943,1.0121396054628224,0.9512743628185907,2024-02-14,21.4793,1,1
CLA-03,2024-01-20,1.669,1.4,,14.0,,,64.0,8.0,-18.528218997966466,-51.15191904306638,376.0,625.0,380.0,286.0,0.0,23.0,-0.14114114114114115,-1.0,-316.5333333333333,0.9290123456790124,1.6622340425531914,0.608,0.7526315789473684,2024-01-22,1.159826,1,1
CLA-04,2024-01-20,3.338,2.5,,16.0,,,46.0,19.8,-18.554869066877227,-51.12675459317855,364.0,640.0,618.0,707.0,1058.0,678.0,0.06716981132075471,0.26252983293556087,429.33333333333337,-0.028831562974203338,1.7582417582417582,0.965625,1.1440129449838188,2024-01-22,1.159826,1,1
CLA-05,2024-01-20,1.0,0.5,,146.0,,,158.0,17.2,-18.55495622601502,-51.12622947820932,414.0,727.0,734.0,596.0,138.0,155.0,-0.1037593984962406,-0.6834862385321101,-493.0666666666666,0.6485260770975056,1.7560386473429952,1.0096286107290233,0.8119891008174387,2024-01-22,1.159826,1,1
CLA-06,2024-01-20,1.0,0.9,,16.0,,,40.0,17.5,-18.56984252661672,-51.10807692400981,457.0,766.0,687.0,533.0,85.0,102.0,-0.12622950819672132,-0.7797927461139896,-498.0,0.7649769585253456,1.676148796498906,0.8968668407310705,0.7758369723435226,2024-01-22,1.159826,1,1
CLA-06B,2024-01-20,1.0,1.25,,16.0,,,108.0,8.28,-18.580416304138197,-51.10538491999489,442.0,758.0,696.0,509.0,48.0,56.0,-0.15518672199170125,-0.8709677419354839,-534.2222222222222,0.8624078624078624,1.7149321266968325,0.9182058047493403,0.7313218390804598,2024-01-22,1.159826,1,1
CLA-07,2024-01-20,1.0,2.5,,16.0,,,28.0,4.3,-18.64469238815568,-51.05218482324302,300.0,496.0,240.0,156.0,26.0,52.0,-0.21212121212121213,-0.8045112781954887,-180.57777777777778,0.8102189781021898,1.6533333333333333,0.4838709677419355,0.65,2024-01-22,1.159826,1,1
CLA-08,2024-01-20,1.0,2.5,,20.0,,,82.0,3.34,-18.706763370925028,-51.008782838537705,317.0,489.0,238.0,194.0,113.0,95.0,-0.10185185185185185,-0.3561253561253561,-99.57777777777778,0.6746575342465754,1.5425867507886435,0.4867075664621677,0.8151260504201681,2024-01-22,1.159826,1,1
CLA-08CS,2024-01-20,1.0,2.5,,18.0,,,112.0,3.54,-18.658334892800493,-51.06757829218299,318.0,476.0,218.0,127.0,0.0,34.0,-0.263768115942029,-1.0,-185.2888888888889,0.8666666666666667,1.4968553459119496,0.4579831932773109,0.5825688073394495,2024-01-22,1.159826,1,1
CLA-01,2024-04-22,1.0,0.5,,22.0,,,34.0,49.3,-18.40471469720768,-51.22287716980235,1024.0,1440.0,1776.0,2496.0,1080.0,371.0,0.16853932584269662,-0.24369747899159663,-446.2222222222222,0.590281612368857,1.40625,1.2333333333333334,1.4054054054054055,2024-04-29,0.00066,4,2
CLA-02,2024-04-22,1.0,0.2,,18.0,,,30.0,51.1,-18.478620867606217,-51.188607926708855,430.0,770.0,874.0,788.0,243.0,39.0,-0.05174488567990373,-0.5649059982094897,-482.55555555555554,0.9035846724351051,1.7906976744186047,1.135064935064935,0.9016018306636155,2024-04-29,0.00066,4,2
CLA-03,2024-04-22,1.0,0.1,,14.0,,,26.0,62.8,-18.528218997966466,-51.15191904306638,516.0,894.0,1130.0,1088.0,330.0,34.0,-0.018935978358881875,-0.547945205479452,-605.1555555555556,0.9267241379310345,1.7325581395348837,1.2639821029082774,0.9628318584070796,2024-04-29,0.00066,4,2
CLA-04,2024-04-22,1.0,0.3,,16.0,,,70.0,85.7,-18.554869066877227,-51.12675459317855,414.0,704.0,822.0,873.0,1256.0,547.0,0.03008849557522124,0.2088546679499519,482.8888888888889,0.1254996003197442,1.7004830917874396,1.1676136363636365,1.062043795620438,2024-04-29,0.00066,4,2
CLA-05,2024-04-22,1.0,0.25,,214.0,,,226.0,22.1,-18.55495622601502,-51.12622947820932,452.0,804.0,1066.0,964.0,374.0,108.0,-0.05024630541871921,-0.48055555555555557,-521.6888888888889,0.7631578947368421,1.7787610619469028,1.3258706467661692,0.9043151969981238,2024-04-29,0.00066,4,2
CLA-06,2024-04-22,1.0,0.3,,18.0,,,30.0,83.9,-18.56984252661672,-51.10807692400981,459.0,817.0,1114.0,1030.0,362.0,110.0,-0.03917910447761194,-0.5094850948509485,-573.5111111111112,0.7626752966558792,1.7799564270152506,1.3635250917992656,0.9245960502692998,2024-04-29,0.00066,4,2
CLA-06B,2024-04-22,1.0,0.35,,22.0,,,34.0,79.5,-18.580416304138197,-51.10538491999489,476.0,817.0,1122.0,1022.0,318.0,74.0,-0.04664179104477612,-0.5583333333333333,-617.6888888888889,0.8338945005611672,1.7163865546218486,1.3733170134638923,0.910873440285205,2024-04-29,0.00066,4,2
CLA-07,2024-04-22,16.02,0.35,,14.0,,,38.0,65.3,-18.64469238815568,-51.05218482324302,495.0,822.0,1108.0,1117.0,398.0,60.0,0.004044943820224719,-0.4714475431606906,-523.6888888888889,0.8639455782312925,1.6606060606060606,1.3479318734793186,1.0081227436823104,2024-04-29,0.00066,4,2
CLA-08,2024-04-22,14.685,0.35,,16.0,,,24.0,53.5,-18.706763370925028,-51.008782838537705,528.0,864.0,1024.0,1079.0,434.0,77.0,0.02615311459819306,-0.4046639231824417,-421.6444444444444,0.8363443145589798,1.6363636363636365,1.1851851851851851,1.0537109375,2024-04-29,0.00066,4,2
CLA-08CS,2024-04-22,3.671,0.4,,18.0,,,22.0,65.6,-18.658334892800493,-51.06757829218299,542.0,866.0,1118.0,1102.0,390.0,114.0,-0.007207207207207207,-0.4827586206896552,-549.5111111111112,0.7673469387755102,1.5977859778597785,1.2909930715935334,0.9856887298747764,2024-04-29,0.00066,4,2
